{"_wandb":{"runtime":241},"_step":40,"total_loss":1.0417840480804443,"diff_loss":0.9968337416648865,"epoch":0,"input_video":{"path":"media/videos/input_video_0_de85b3094119a9e3b574.gif","width":448,"height":224,"caption":"E0-S0: Main_Masked","_type":"video-file","sha256":"de85b3094119a9e3b57494296f893f9363d8e13ed6aee20f34b300f3b6906948","size":679483},"cons_loss":0.449502557516098,"_timestamp":1.7665486830743172e+09,"_runtime":241.22907626}