{"cons_loss":0.005923678632825613,"_timestamp":1.7665736191709676e+09,"_step":3215,"_runtime":10615.703581787,"input_video":{"size":628092,"path":"media/videos/input_video_2995_cb85a8f5d6164c3146b1.gif","width":448,"height":224,"caption":"E1-S1225: Wrist_Masked","_type":"video-file","sha256":"cb85a8f5d6164c3146b1a71d280b06ab79ee19bdbe62e7a4993b533f5a1a8e53"},"_wandb":{"runtime":10615},"diff_loss":0.04079318046569824,"total_loss":0.041385550051927567,"epoch":1}