{"_runtime":100.640769242,"_step":0,"total_loss":1.055119276046753,"diff_loss":1.0093623399734497,"cons_loss":0.45756983757019043,"epoch":0,"_timestamp":1.7665483249233625e+09,"_wandb":{"runtime":100}}