{"cons_loss":0.45287665724754333,"_timestamp":1.766560136511968e+09,"_wandb":{"runtime":144},"input_video":{"path":"media/videos/input_video_0_4391efd61b2dacf3be65.gif","width":448,"height":224,"caption":"E0-S0: Main_Masked","_type":"video-file","sha256":"4391efd61b2dacf3be65560f24ac34fcd0df0dcc9aa5c071772c6c98606e741e","size":648073},"diff_loss":0.9964664578437805,"epoch":0,"_step":10,"_runtime":144.423645292,"total_loss":1.041754126548767}